{
    "model.encoder.layers[0].feed_forward": -0.003819038090761751,
    "model.encoder.layers[0].self_attention": -0.0058211705330759285,
    "model.decoder.layers[0].self_attention": -0.0021163396961055695,
    "model.decoder.layers[0].cross_attention": 0.0004324980726448757,
    "model.decoder.layers[0].feed_forward": 0.001788152469573106,
    "model.encoder.layers[1].feed_forward": 0.0027350761034176684,
    "model.encoder.layers[1].self_attention": -0.004693902393803,
    "model.decoder.layers[1].self_attention": -0.000797487100258877,
    "model.decoder.layers[1].cross_attention": 0.003076171354856342,
    "model.decoder.layers[1].feed_forward": 0.007822709284722805,
    "model.encoder.layers[2].feed_forward": 0.0012191046837260729,
    "model.encoder.layers[2].self_attention": -0.0025337718441151083,
    "model.decoder.layers[2].self_attention": -0.0013418007040163502,
    "model.decoder.layers[2].cross_attention": -0.003732699705287814,
    "model.decoder.layers[2].feed_forward": 0.02092880456894636,
    "model.encoder.layers[3].feed_forward": -0.00013086162009699366,
    "model.encoder.layers[3].self_attention": -0.002863536312477663,
    "model.decoder.layers[3].self_attention": -0.0017679319882299752,
    "model.decoder.layers[3].cross_attention": 0.002816059702541679,
    "model.decoder.layers[3].feed_forward": 0.04443515446782112,
    "model.encoder.layers[4].feed_forward": 0.00016384053524870978,
    "model.encoder.layers[4].self_attention": -0.004115115798078477,
    "model.decoder.layers[4].self_attention": 0.0021176072992384436,
    "model.decoder.layers[4].cross_attention": -0.002158195089548826,
    "model.decoder.layers[4].feed_forward": -0.02054893182963133,
    "model.encoder.layers[5].feed_forward": -0.0027726619202512667,
    "model.encoder.layers[5].self_attention": -0.0036254089451394976,
    "model.decoder.layers[5].self_attention": -0.00392510913964361,
    "model.decoder.layers[5].cross_attention": 0.0004995743872786988,
    "model.decoder.layers[5].feed_forward": 0.034267304308712485
}