{
    "model.encoder.layers[0].feed_forward": -0.0085127261467278,
    "model.encoder.layers[0].self_attention": -0.00803671783581376,
    "model.decoder.layers[0].self_attention": -0.0022582911006174982,
    "model.decoder.layers[0].cross_attention": 0.0011641169352369616,
    "model.decoder.layers[0].feed_forward": -0.0006852290132210328,
    "model.encoder.layers[1].feed_forward": -0.003661224717856385,
    "model.encoder.layers[1].self_attention": -0.011225296463817359,
    "model.decoder.layers[1].self_attention": -0.0026607902692630885,
    "model.decoder.layers[1].cross_attention": -0.002883000354282558,
    "model.decoder.layers[1].feed_forward": -0.0023679130226373674,
    "model.encoder.layers[2].feed_forward": -0.0011344362692907453,
    "model.encoder.layers[2].self_attention": -0.0039199137222021814,
    "model.decoder.layers[2].self_attention": -0.0008321442649121309,
    "model.decoder.layers[2].cross_attention": -0.003207890896126628,
    "model.decoder.layers[2].feed_forward": 0.005140376539900899,
    "model.encoder.layers[3].feed_forward": -0.0008886222923056266,
    "model.encoder.layers[3].self_attention": -0.012612030062824488,
    "model.decoder.layers[3].self_attention": -0.0035427465289831163,
    "model.decoder.layers[3].cross_attention": 0.0008036258949796319,
    "model.decoder.layers[3].feed_forward": 0.009092951679602265,
    "model.encoder.layers[4].feed_forward": 0.004763048060238361,
    "model.encoder.layers[4].self_attention": -0.0050394893204793335,
    "model.decoder.layers[4].self_attention": 0.002943830253556371,
    "model.decoder.layers[4].cross_attention": 0.0036015208726748824,
    "model.decoder.layers[4].feed_forward": -0.003855222881771624,
    "model.encoder.layers[5].feed_forward": 0.003125134139205329,
    "model.encoder.layers[5].self_attention": -0.0038485959069803357,
    "model.decoder.layers[5].self_attention": -0.001184644510387443,
    "model.decoder.layers[5].cross_attention": -0.007655851418152452,
    "model.decoder.layers[5].feed_forward": 0.009226884309202432
}