{
    "model.encoder.layers[0].feed_forward": -0.008121171841397882,
    "model.encoder.layers[0].self_attention": -0.009403599705547095,
    "model.decoder.layers[0].self_attention": -0.001671640639193356,
    "model.decoder.layers[0].cross_attention": 0.0020419840150862002,
    "model.decoder.layers[0].feed_forward": 0.006385990787297487,
    "model.encoder.layers[1].feed_forward": -0.0111002883836627,
    "model.encoder.layers[1].self_attention": -0.009824607949703933,
    "model.decoder.layers[1].self_attention": -0.0014633984755491839,
    "model.decoder.layers[1].cross_attention": -0.004751978705637157,
    "model.decoder.layers[1].feed_forward": 0.0007899711149339055,
    "model.encoder.layers[2].feed_forward": -0.0015314783506910317,
    "model.encoder.layers[2].self_attention": -0.003378531638532877,
    "model.decoder.layers[2].self_attention": 0.0006214840873963113,
    "model.decoder.layers[2].cross_attention": -0.001202778361926903,
    "model.decoder.layers[2].feed_forward": 0.012927487932145595,
    "model.encoder.layers[3].feed_forward": -0.007035740554332733,
    "model.encoder.layers[3].self_attention": -0.01431439870968461,
    "model.decoder.layers[3].self_attention": -0.002879383613821119,
    "model.decoder.layers[3].cross_attention": 0.0015031171125156105,
    "model.decoder.layers[3].feed_forward": 0.018666392289102076,
    "model.encoder.layers[4].feed_forward": 0.0009067037982309145,
    "model.encoder.layers[4].self_attention": -0.010476913478225469,
    "model.decoder.layers[4].self_attention": 5.100410504383035e-05,
    "model.decoder.layers[4].cross_attention": 0.0037735931565985085,
    "model.decoder.layers[4].feed_forward": -0.006855594241060316,
    "model.encoder.layers[5].feed_forward": 0.002541223995445762,
    "model.encoder.layers[5].self_attention": -1.343427414505527e-05,
    "model.decoder.layers[5].self_attention": -0.0031279378226026894,
    "model.decoder.layers[5].cross_attention": -0.005067361052148044,
    "model.decoder.layers[5].feed_forward": 0.01693819672986865
}