{
    "model.encoder.layers[0].feed_forward": -0.0036451026909053324,
    "model.encoder.layers[0].self_attention": -0.0069992100056260826,
    "model.decoder.layers[0].self_attention": -0.002106868651229888,
    "model.decoder.layers[0].cross_attention": -0.0015053114008624106,
    "model.decoder.layers[0].feed_forward": 0.0029026627661660315,
    "model.encoder.layers[1].feed_forward": 0.0035562498902436345,
    "model.encoder.layers[1].self_attention": -0.0008196175639368448,
    "model.decoder.layers[1].self_attention": -0.0008163151207991177,
    "model.decoder.layers[1].cross_attention": 0.002429472166579217,
    "model.decoder.layers[1].feed_forward": 0.009979112865403294,
    "model.encoder.layers[2].feed_forward": 0.0029724207360777655,
    "model.encoder.layers[2].self_attention": -0.0010699704695653054,
    "model.decoder.layers[2].self_attention": -0.0004998076440533623,
    "model.decoder.layers[2].cross_attention": -0.0033792989258654414,
    "model.decoder.layers[2].feed_forward": 0.020556282073259352,
    "model.encoder.layers[3].feed_forward": -0.0017388889848953112,
    "model.encoder.layers[3].self_attention": -0.008219013012945652,
    "model.decoder.layers[3].self_attention": -0.0025191432223655285,
    "model.decoder.layers[3].cross_attention": 0.00198451465414837,
    "model.decoder.layers[3].feed_forward": 0.04575062109529972,
    "model.encoder.layers[4].feed_forward": -0.007921545022865756,
    "model.encoder.layers[4].self_attention": -0.0037234062445349993,
    "model.decoder.layers[4].self_attention": 0.003410930979531258,
    "model.decoder.layers[4].cross_attention": -0.0014974736548610964,
    "model.decoder.layers[4].feed_forward": -0.019891607496887447,
    "model.encoder.layers[5].feed_forward": 0.009635891150683164,
    "model.encoder.layers[5].self_attention": -0.004868961061351001,
    "model.decoder.layers[5].self_attention": -0.004777112761512398,
    "model.decoder.layers[5].cross_attention": -0.0004297955070005628,
    "model.decoder.layers[5].feed_forward": 0.03284722311794758
}