{
    "model.encoder.layers[0].feed_forward": -0.005665170047432184,
    "model.encoder.layers[0].self_attention": -0.003231559904292226,
    "model.decoder.layers[0].self_attention": -0.002337491933722049,
    "model.decoder.layers[0].cross_attention": 0.00020801611591559775,
    "model.decoder.layers[0].feed_forward": -0.00013954844562317703,
    "model.encoder.layers[1].feed_forward": -0.01574070390313864,
    "model.encoder.layers[1].self_attention": -0.00605376509949565,
    "model.decoder.layers[1].self_attention": -0.0030527044031769036,
    "model.decoder.layers[1].cross_attention": -0.0004107989595718209,
    "model.decoder.layers[1].feed_forward": -0.0017632714419160039,
    "model.encoder.layers[2].feed_forward": -0.005006694265641272,
    "model.encoder.layers[2].self_attention": 0.0023190639016684145,
    "model.decoder.layers[2].self_attention": -0.00039795170351862905,
    "model.decoder.layers[2].cross_attention": -0.0032847666628658774,
    "model.decoder.layers[2].feed_forward": 0.005264116216450929,
    "model.encoder.layers[3].feed_forward": 0.01664036037772894,
    "model.encoder.layers[3].self_attention": -0.007241274593397975,
    "model.decoder.layers[3].self_attention": -0.0020195014926139266,
    "model.decoder.layers[3].cross_attention": 0.000877370494796196,
    "model.decoder.layers[3].feed_forward": 0.00743305685184896,
    "model.encoder.layers[4].feed_forward": 0.015406855817884207,
    "model.encoder.layers[4].self_attention": 0.0012617788521165495,
    "model.decoder.layers[4].self_attention": 0.0009580656042235205,
    "model.decoder.layers[4].cross_attention": 0.0021439757156185807,
    "model.decoder.layers[4].feed_forward": -0.004782236069440842,
    "model.encoder.layers[5].feed_forward": 0.006149857524782419,
    "model.encoder.layers[5].self_attention": -0.005727491665631533,
    "model.decoder.layers[5].self_attention": -0.0009477849433824304,
    "model.decoder.layers[5].cross_attention": -0.0044373095566406845,
    "model.decoder.layers[5].feed_forward": 0.008586814368143677
}