{
    "model.encoder.layers[0].feed_forward": -0.005572431048378348,
    "model.encoder.layers[0].self_attention": -0.005949035264551639,
    "model.decoder.layers[0].self_attention": -0.0023345808242447672,
    "model.decoder.layers[0].cross_attention": -8.118105273570108e-05,
    "model.decoder.layers[0].feed_forward": -0.0010545154861174523,
    "model.encoder.layers[1].feed_forward": 0.007942927554249763,
    "model.encoder.layers[1].self_attention": -0.0021083488684380427,
    "model.decoder.layers[1].self_attention": -0.0030496912975795567,
    "model.decoder.layers[1].cross_attention": 0.0015324503548326902,
    "model.decoder.layers[1].feed_forward": -0.002066679820418358,
    "model.encoder.layers[2].feed_forward": -0.0009961038964456748,
    "model.encoder.layers[2].self_attention": -0.0053562473952770235,
    "model.decoder.layers[2].self_attention": -0.0004957585121574084,
    "model.decoder.layers[2].cross_attention": -0.0034617343600839377,
    "model.decoder.layers[2].feed_forward": 0.004461440460756421,
    "model.encoder.layers[3].feed_forward": -0.0003108104397833813,
    "model.encoder.layers[3].self_attention": -0.00962547548674047,
    "model.decoder.layers[3].self_attention": -0.002067257364047691,
    "model.decoder.layers[3].cross_attention": -0.0008507050241605611,
    "model.decoder.layers[3].feed_forward": 0.006455199876800179,
    "model.encoder.layers[4].feed_forward": 0.007290150230750442,
    "model.encoder.layers[4].self_attention": -0.005450831595808268,
    "model.decoder.layers[4].self_attention": 0.0027509502717293797,
    "model.decoder.layers[4].cross_attention": 0.002502160219475627,
    "model.decoder.layers[4].feed_forward": -0.0031556521342135965,
    "model.encoder.layers[5].feed_forward": 0.014408134821802377,
    "model.encoder.layers[5].self_attention": 0.0001344593864341732,
    "model.decoder.layers[5].self_attention": -0.00150436040313798,
    "model.decoder.layers[5].cross_attention": -0.004542700987309217,
    "model.decoder.layers[5].feed_forward": 0.007886588845402002
}