{
    "model.encoder.layers[0].feed_forward": -0.004659716693684458,
    "model.encoder.layers[0].self_attention": -0.007477468375116586,
    "model.decoder.layers[0].self_attention": -0.0021750967092812063,
    "model.decoder.layers[0].cross_attention": -0.0018340166651178152,
    "model.decoder.layers[0].feed_forward": 0.006195340444799513,
    "model.encoder.layers[1].feed_forward": -0.007144389757886529,
    "model.encoder.layers[1].self_attention": -0.008285236969590187,
    "model.decoder.layers[1].self_attention": 0.0006383032623070903,
    "model.decoder.layers[1].cross_attention": -0.0030766545622609555,
    "model.decoder.layers[1].feed_forward": 0.00429813176416792,
    "model.encoder.layers[2].feed_forward": 0.0013127327125694137,
    "model.encoder.layers[2].self_attention": -0.0070261887982487675,
    "model.decoder.layers[2].self_attention": -0.002273405531188473,
    "model.decoder.layers[2].cross_attention": 0.0003386631351509095,
    "model.decoder.layers[2].feed_forward": 0.025764833860099316,
    "model.encoder.layers[3].feed_forward": -0.00584466693829745,
    "model.encoder.layers[3].self_attention": -0.00950361029803753,
    "model.decoder.layers[3].self_attention": -0.0008059668926289305,
    "model.decoder.layers[3].cross_attention": 0.0024096281446982174,
    "model.decoder.layers[3].feed_forward": 0.046920430712401866,
    "model.encoder.layers[4].feed_forward": -0.0016924104436729977,
    "model.encoder.layers[4].self_attention": -0.011109818197786808,
    "model.decoder.layers[4].self_attention": 0.005488165272399783,
    "model.decoder.layers[4].cross_attention": 0.004784737823531031,
    "model.decoder.layers[4].feed_forward": -0.020183173459023238,
    "model.encoder.layers[5].feed_forward": 0.002044381949934177,
    "model.encoder.layers[5].self_attention": 0.002434253967832774,
    "model.decoder.layers[5].self_attention": -0.002863724706694484,
    "model.decoder.layers[5].cross_attention": -0.004999672380276024,
    "model.decoder.layers[5].feed_forward": 0.035162768550217154
}