{
    "model.encoder.layers[0].feed_forward": -0.007999770551919937,
    "model.encoder.layers[0].self_attention": -0.009329774189740419,
    "model.decoder.layers[0].self_attention": -0.00225805576890707,
    "model.decoder.layers[0].cross_attention": 0.0008515928400738631,
    "model.decoder.layers[0].feed_forward": 5.738209549781459e-05,
    "model.encoder.layers[1].feed_forward": -0.0016155120601179078,
    "model.encoder.layers[1].self_attention": -0.004354781153611839,
    "model.decoder.layers[1].self_attention": -0.0019517765420023353,
    "model.decoder.layers[1].cross_attention": -3.5242130384631307e-05,
    "model.decoder.layers[1].feed_forward": -0.0007075217998026346,
    "model.encoder.layers[2].feed_forward": 0.0007680899760089232,
    "model.encoder.layers[2].self_attention": 0.00401464924775064,
    "model.decoder.layers[2].self_attention": 0.0012318597466801293,
    "model.decoder.layers[2].cross_attention": -0.0006089665217914444,
    "model.decoder.layers[2].feed_forward": 0.0060558008980005976,
    "model.encoder.layers[3].feed_forward": 0.0011449875532562146,
    "model.encoder.layers[3].self_attention": -0.008349756745621563,
    "model.decoder.layers[3].self_attention": -0.0002080011898815428,
    "model.decoder.layers[3].cross_attention": 0.0053423164878040556,
    "model.decoder.layers[3].feed_forward": 0.009607179556041956,
    "model.encoder.layers[4].feed_forward": 0.0016677754517295399,
    "model.encoder.layers[4].self_attention": -0.007431325420737266,
    "model.decoder.layers[4].self_attention": 0.001280918398009817,
    "model.decoder.layers[4].cross_attention": 0.005684288857504725,
    "model.decoder.layers[4].feed_forward": -0.002152600657485891,
    "model.encoder.layers[5].feed_forward": 0.0024381847094045953,
    "model.encoder.layers[5].self_attention": 0.0014216216725026242,
    "model.decoder.layers[5].self_attention": -1.1833428219688358e-05,
    "model.decoder.layers[5].cross_attention": -0.0033416450577788055,
    "model.decoder.layers[5].feed_forward": 0.008411515310406684
}