{
    "model.encoder.layers[0].feed_forward": -0.008961913190782071,
    "model.encoder.layers[0].self_attention": -0.011904049687087536,
    "model.decoder.layers[0].self_attention": -0.0022609423589892686,
    "model.decoder.layers[0].cross_attention": 0.001247616165521322,
    "model.decoder.layers[0].feed_forward": -0.0005781303504409152,
    "model.encoder.layers[1].feed_forward": -0.002263822736684233,
    "model.encoder.layers[1].self_attention": -0.008256754320114851,
    "model.decoder.layers[1].self_attention": -0.0027843293217010797,
    "model.decoder.layers[1].cross_attention": 0.0006010982256320858,
    "model.decoder.layers[1].feed_forward": 0.0007703583642160083,
    "model.encoder.layers[2].feed_forward": -0.0014430253679747693,
    "model.encoder.layers[2].self_attention": 0.0008524024578073295,
    "model.decoder.layers[2].self_attention": -0.0002082054130205506,
    "model.decoder.layers[2].cross_attention": 0.0017356293287011794,
    "model.decoder.layers[2].feed_forward": 0.0058449151460081335,
    "model.encoder.layers[3].feed_forward": -0.0069280172935687005,
    "model.encoder.layers[3].self_attention": -0.010190295189619064,
    "model.decoder.layers[3].self_attention": -0.00029809168675183173,
    "model.decoder.layers[3].cross_attention": 0.002133750107837841,
    "model.decoder.layers[3].feed_forward": 0.009008419435471296,
    "model.encoder.layers[4].feed_forward": 0.0012070350403737393,
    "model.encoder.layers[4].self_attention": -0.0075308298151940106,
    "model.decoder.layers[4].self_attention": 0.00323350968118757,
    "model.decoder.layers[4].cross_attention": 0.0075884111411869525,
    "model.decoder.layers[4].feed_forward": -0.003030551119707525,
    "model.encoder.layers[5].feed_forward": 0.0006084415416589764,
    "model.encoder.layers[5].self_attention": -0.0035138393798843028,
    "model.decoder.layers[5].self_attention": -0.0004406132594194787,
    "model.decoder.layers[5].cross_attention": -0.011669617149978877,
    "model.decoder.layers[5].feed_forward": 0.008785601304844022
}