{
    "model.encoder.layers[0].feed_forward": -0.007935828410089016,
    "model.encoder.layers[0].self_attention": -0.008715247340500354,
    "model.decoder.layers[0].self_attention": -0.0022561837173998354,
    "model.decoder.layers[0].cross_attention": 0.005318652054294944,
    "model.decoder.layers[0].feed_forward": -0.0015636732712737285,
    "model.encoder.layers[1].feed_forward": -0.0014557933284086175,
    "model.encoder.layers[1].self_attention": -0.007881957806646824,
    "model.decoder.layers[1].self_attention": -0.0018628264490980655,
    "model.decoder.layers[1].cross_attention": -0.0018093670291127637,
    "model.decoder.layers[1].feed_forward": -0.00013120445239439958,
    "model.encoder.layers[2].feed_forward": 0.0005672606136577087,
    "model.encoder.layers[2].self_attention": 0.00022142138882600193,
    "model.decoder.layers[2].self_attention": 0.0013933429740427528,
    "model.decoder.layers[2].cross_attention": 0.0011929395357656177,
    "model.decoder.layers[2].feed_forward": 0.004751600235700607,
    "model.encoder.layers[3].feed_forward": -0.002269032884942135,
    "model.encoder.layers[3].self_attention": -0.009457446202635765,
    "model.decoder.layers[3].self_attention": -0.001159220041576191,
    "model.decoder.layers[3].cross_attention": 0.001741495240246877,
    "model.decoder.layers[3].feed_forward": 0.007586691560223699,
    "model.encoder.layers[4].feed_forward": 0.006188748067244888,
    "model.encoder.layers[4].self_attention": -0.006165448497980833,
    "model.decoder.layers[4].self_attention": 0.0024839228626806287,
    "model.decoder.layers[4].cross_attention": 0.004972669548355043,
    "model.decoder.layers[4].feed_forward": -0.0028515894296579063,
    "model.encoder.layers[5].feed_forward": 0.00892684374190867,
    "model.encoder.layers[5].self_attention": -0.0012276053027990201,
    "model.decoder.layers[5].self_attention": 0.0011049480356450658,
    "model.decoder.layers[5].cross_attention": -0.004293720032088459,
    "model.decoder.layers[5].feed_forward": 0.00887015414983034
}